اسم التشكيل: كلية البوليتكنك - بابل,,,,,,,,,,,,,
الخطة المقترحة 2026-2027,,,,,,,,,,,,,
اسم مسؤول التعليم المستمر: محمد نوري سعيد,,,,,,,,,,,,,
ت,نوع النشاط,عنوان النشاط,القسم,تخصص النشاط,المدة (بالأيام),تكلفة النشاط,الفئة المستهدفة,اسم المحاضر,,,التخصّص الدقيق للمحاضر,تاريخ التنفيذ (من – الى),
,,,,,,,,,Whats APP,E.Mail,,من,الى
1,دورة,الابتكار في تقنيات الطاقة منخفضة الكاربون,ميكانيك,هندسي,5,25000,موظفين+تدريسيين,اوراس خضير عبيس,,,هندسة ميكانيك / حراريات,2026/10/13,2026/10/15
,,,,,,,,مالك عبد الحسين محسن,9647732311295,malik.alhusayn.iba@atu.edu.iq,هندسة مواد/ معادن,,
,,,,,,,,زهرة حمود جلهام,9647814026056,inb.zhr2@atu.edu.iq,هندسة ميكانيك / حراريات,,
2,دورة,المعادن والسبائك الذكية : الخصائص والمعالجات الحرارية,ميكانيك,هندسي,5,25000,موظفين+تدريسيين,اوراس خضير عبيس,,,هندسة ميكانيك / حراريات,2026/10/04,2026/10/06
,,,,,,,,مالك عبد الحسين محسن,9647732311295,malik.alhusayn.iba@atu.edu.iq,هندسة مواد/ معادن,,
,,,,,,,,زهرة حمود جلهام,9647814026056,inb.zhr2@atu.edu.iq,هندسة ميكانيك / حراريات,,
3,دورة,السبائك الذكية : التصنيع والتوصيف والتطبيقات المتقدمة,ميكانيك,هندسي,3,25000,موظفين+تدريسيين,محمد علي جبر داخل,9647702736402,mohammed.dakhil@atu.edu.iq,هندسة معادن,2026/10/26,2026/10/28
,,,,,,,,رائد سلمان سعيد,9647811371354,raed.saeed@atu.edu.iq,ميكانيك تطبيقي,,
4,دورة,التحول الرقمي في تقنيات تصنيع المعادن ودور علوم الحاسبات في تطويرها,ميكانيك,هندسي,3,25000,موظفين+تدريسيين,زينب عبد العباس محسن,9647725259081,zainab.muhsen@atu.edu.iq,هندسة حاسبات / برامجيات,2026/10/19,2026/10/21
,,,,,,,,نجلاء شاكرعزيز,9647723128916,najlaa.shemery@atu.edu.iq,تصنيع معادن,,
5,دورة,التصنيع المستدام,ميكانيك,هندسي,3,25000,موظفين+تدريسيين,زهير حسن عبد الله,,,الهندسة الصناعية,2026/10/25,2026/10/27
,,,,,,,,نوال عبد الله عمران,9647702684846,nawal_omran@atu.edu.iq,مكائن والات زراعية,,
6,دورة,تكنلوجيا التصنيع الرقمي المؤتمت,ميكانيك,هندسي,3,25000,موظفين+تدريسيين,محمد علي جبر داخل,9647702736402,mohammed.dakhil@atu.edu.iq,هندسة معادن,2026/09/27,2026/09/29
,,,,,,,,رائد سلمان سعيد,9647811371354,raed.saeed@atu.edu.iq,ميكانيك تطبيقي,,
7,دورة,الميكانيك التطبيقي التنبؤي للأنظمة الصناعية عالية التعقيد,ميكانيك القدرة,هندسي,5,25000,موظفين+تدريسيين,بشار ضياء حسين,9647809443996,bashar.hussein@atu.edu.iq,ميكانيك تطبيقي,2026/11/15,2026/11/19
,,,,,,,,ساره سالم حسن,9647735722475,sara.hassan.iba101@atu.edu.iq,ميكانيك تطبيقي,,
,,,,,,,,علي جاسم عطية,9647804643608,ali.atiyah.iba115@atu.edu.iq,ميكانيك تطبيقي,,
8,دورة,تطبيقات الذكاء الاصطناعي في الأنظمة الميكانيكية والكهربائية الخاصة بمحركات الاحتراق الداخلي ( ice),ميكانيك القدرة,هندسي,5,25000,موظفين+تدريسيين,زينة صلاح حسن,9647803865847,zinah.hasan@atu.edu.iq,القدرة الكهربائية,2027/02/07,2027/02/11
,,,,,,,,راقية جواد ناجي,,,إدارة صناعية,,
,,,,,,,,ساره سالم حسن,9647735722475,sara.hassan.iba101@atu.edu.iq,ميكانيك تطبيقي,,
,,,,,,,,علي جاسم عطية,9647804643608,ali.atiyah.iba115@atu.edu.iq,ميكانيك تطبيقي,,
9,دورة,تقنيات النانو في تطوير المواد المعدنية والبوليمرية,ميكانيك القدرة,هندسي,5,25000,موظفين+تدريسيين,اسراء عدنان نجم,,,هندسة مواد,2026/09/06,2026/09/10
,,,,,,,,زهراء كاظم روضان,,,فيزياء مواد,,
,,,,,,,,دريد عبد الرزاق حمد,9647773489775,durid.hamad.iba@atu.edu.iq,هندسة معادن,,
10,دورة,الذكاء الاصطناعي في تشخيص الأعطال الميكانيكية,ميكانيك القدرة,هندسي,5,25000,موظفين+تدريسيين,علاء شاكر عبيده,,,ميكانيك تطبيقي,2026/09/13,2026/09/17
,,,,,,,,رائد قائد عجمي,9647816080007,raied.ajmi.iba112@atu.edu.iq,ميكانيك تطبيقي,,
,,,,,,,,ليث سليم كمال,,,اتمته ميكانيكية,,
11,دورة,برنامج EES لحل المعادلات والتطبيقات في الهندسة الحرارية باستخدام الحاسوب,ميكانيك القدرة,هندسي,5,25000,موظفين+تدريسيين,حميدة مسلم عبد الحسين,9647708015920,hameedahmuslim@gmail.com,هندسة ميكانيك / حراريات,2026/10/11,2026/10/15
,,,,,,,,الاء مجيد شنين,,,امن سيبراني,,
,,,,,,,,ساره يحيى حاتم,9647881184225,sarah.assad@atu.edu.iq,هندسة ميكانيك / حراريات,,
12,دورة,اهم اعطال جهاز التكييف المنزلي وكيفية إصلاحه,ميكانيك القدرة,هندسي,5,25000,موظفين+تدريسيين,علي عاصم عبد الرزاق,9647721903176,ali.net2009@atu.edu.iq,هندسة ميكانيك / حراريات,2026/10/25,2026/10/29
,,,,,,,,حميدة مسلم عبد الحسين,9647708015920,hameedahmuslim@gmail.com,هندسة ميكانيك / حراريات,,
,,,,,,,,احمد كريم كاظم,9647719570199,ahmed.kadhom.iba102@atu.edu.iq,هندسة ميكانيك / حراريات,,
13,دورة,توظيف الهندسة الميكانيكية في تطوير التقنيات الزراعية الحديثة,وحدة التعليم المستمر,هندسي,3,25000,موظفين+تدريسيين,ساره سالم حسن,9647735722475,sara.hassan.iba101@atu.edu.iq,ميكانيك تطبيقي,2026/12/27,2026/12/29
,,,,,,,,محمد نوري سعيد,,,البستنة وهندسة الحدائق,,
14,دورة,الهندسة الميكانيكية التطبيقية في الزراعة الدقيقة والتقننيات الحديثة,وحدة التعليم المستمر,هندسي,3,25000,موظفين+تدريسيين,ساره سالم حسن,9647735722475,sara.hassan.iba101@atu.edu.iq,ميكانيك تطبيقي,2027/02/07,2026/02/09
,,,,,,,,محمد نوري سعيد,,,البستنة وهندسة الحدائق,,
15,دورة,المواد المستدامة المستخدمة في صناعة الخرسانة,المساحة,هندسي,5,25000,موظفين+تدريسيين,محمد كريم عبد,,,هندسة مواد,2026/11/01,2026/11/05
,,,,,,,,مصلح عامر صالح,,,هندسة مواد,,
,,,,,,,,سلسبيل كريم برهان,9647723964094,salsabeel.burhan.bi12@atu.edu.iq,هندسة بايوماتك,,
,,,,,,,,زينب علي حسين جاسم,9647887833387,zainab.jassim.iba@atu.edu.iq,هندسة جيوتكنيك,,
16,دورة,تاريخ العمارة ( دراسة تطور العمارة عبر العصور ),المساحة,هندسي,5,25000,موظفين+تدريسيين,محمد كريم عبد,,,هندسة مواد,2026/12/13,2026/12/17
,,,,,,,,مصلح عامر صالح,,,هندسة مواد,,
,,,,,,,,حسين يوسف جبار,,,هندسة مدني,,
,,,,,,,,ساره شاكر فاضل,9647816153361,sarah.fadhil.iba1@atu.edu.iq,هندسة معماري,,
17,دورة,اسياسيات الاستشعار عن بعد وتحليل الصور الفضائية,المساحة,هندسي,5,25000,موظفين+تدريسيين,بشير سليم جاسم,9647724851028,basheer.jasim@atu.edu.iq,هندسة جيوماتك,2026/10/25,2026/10/29
,,,,,,,,زهراء موسى كاظم,9647803183200,zahraa.musa@atu.edu.iq,هندسة جيوماتك,,
,,,,,,,,اثير عسكر إسماعيل,9647805978091,atheerasker@gmail.com,تخطيط حضري واقليمي,,
,,,,,,,,صادق فرج هنوع,9647800189877,sadiq.hanoaa@atu.edu.iq,هندسة استشعار عن بعد,,
18,دورة,اسياسيات نظم المعلومات الجغرافية وتحليل البيانات المكانية,المساحة,هندسي,5,25000,موظفين+تدريسيين,بشير سليم جاسم,9647724851028,basheer.jasim@atu.edu.iq,هندسة جيوماتك,2026/10/04,2026/10/08
,,,,,,,,زهراء موسى كاظم,9647803183200,zahraa.musa@atu.edu.iq,هندسة جيوماتك,,
,,,,,,,,اثير عسكر إسماعيل,9647805978091,atheerasker@gmail.com,تخطيط حضري واقليمي,,
,,,,,,,,صادق فرج هنوع,9647800189877,sadiq.hanoaa@atu.edu.iq,هندسة مساحة,,
19,دورة,تلوث التربة وطرق معالجتها,المساحة,هندسي,5,25000,موظفين+تدريسيين,زينب علي حسين جاسم,9647887833387,zainab.jassim.iba@atu.edu.iq,هندسة جيوتكنيك,2026/11/15,2026/11/19
,,,,,,,,ساره شاكر فاضل,9647816153361,sarah.fadhil.iba1@atu.edu.iq,عندسة معماري,,
,,,,,,,,هبة غلاب دخيل,,,علوم جيولوجيا,,
,,,,,,,,عمار احمد شاكر,,,هندسة انشاءات,,
20,دورة,حساب الكميات لغرض اعداد الكشوفات التخمينية,المساحة,هندسي,5,25000,موظفين+تدريسيين,مخلد مراد عبيد,9647810245245,mukhallad.murad.iku@atu.edu.iq,هندسة انشاءات,2026/09/10,2026/09/14
,,,,,,,,اروى هادي محمد,9647813494312,eng.arwahadi1991@gmail.com,هندسة مساحة,,
,,,,,,,,سلسبيل كريم برهان,9647723964094,salsabeel.burhan.bi12@atu.edu.iq,هندسة بايوماتك,,
,,,,,,,,ميثاق كوكب هادي,9647821540440,methaqmousewi@gmail.com,هندسة مساحة,,
21,دورة,التحول الرقمي في الاداء الوظيفي,شبكات وبرمجيات الحاسوب,هندسي,5,25000,موظفين+تدريسيين,عمار وسام عبدالزهراء,9647800354540,smartcomputing300@gmail.com,برمجيات,2026/11/01,2026/11/05
,,,,,,,,عدنان عذاب كعيشيش,9647713741154,adn.ak21@atu.edu.iq,برمجيات,,
,,,,,,,,ياسر حسن جاسم,9647816891686,yasser.jassem@atu.edu.iq,برمجيات,,
,,,,,,,,نداء غالب علي,9647802428549,inb.nedaa10@atu.edu.iq,تكنولوجيا المعلومات,,
22,دورة,أساسيات الأمن السيبراني وحماية المعلومات,شبكات وبرمجيات الحاسوب,هندسي,5,25000,موظفين+تدريسيين,عمار وسام عبدالزهراء,9647800354540,smartcomputing300@gmail.com,برمجيات,2027/03/07,2027/03/11
,,,,,,,,عدنان عذاب كعيشيش,9647713741154,adn.ak21@atu.edu.iq,برمجيات,,
,,,,,,,,ياسر حسن جاسم,9647816891686,yasser.jassem@atu.edu.iq,برمجيات,,
,,,,,,,,علي خالد محمدعلي,,ali.khalid@atu.edu.iq,برمجيات,,
23,دورة,تصميم العروض الرقمية الحديثة باستخدام Microsoft Power Point,شبكات وبرمجيات الحاسوب,هندسي,5,25000,موظفين+تدريسيين,خنساء عزيز عبيس,9647724166133,inb.khanssa@atu.edu.iq,معلوماتية,2026/10/27,2026/10/29
,,,,,,,,صبا حسين جابر,,,برمجيات,,
,,,,,,,,ضياء صالح حماد,9647722242843,dhiyaa_alshammari@atu.edu.iq,برمجيات,,
24,دورة,دورة في الذكاء الاصطناعي والتكنولوجيا الحديثة,شبكات وبرمجيات الحاسوب,هندسي,5,25000,موظفين+تدريسيين,رؤى مجيد عزيز,9647726574022,ruaa.humady@atu.edu.iq,هندسة تقنيات الحاسوب,2026/10/11,2026/10/13
,,,,,,,,وفاء محمد رضا,9647802428213,inb.wfa@atu.edu.iq,هندسة الكترونيك واتصالات,,
,,,,,,,,بيمان حسين,9647723734539,inb.beman10@atu.edu.iq,برمجيات,,
,,,,,,,,علي صلاح مهدي,9647825338591,ali.khafaja@atu.edu.iq,اتصالات,,
25,دورة,دورة في هندسة الأوامر (Prompt Engineering),شبكات وبرمجيات الحاسوب,هندسي,5,25000,موظفين+تدريسيين,رؤى مجيد عزيز,9647726574022,ruaa.humady@atu.edu.iq,هندسة تقنيات الحاسوب,2026/12/06,2026/12/08
,,,,,,,,اسراء عيسى عبد,,israa.abed@atu.edu.iq,علوم رياضيات,,
,,,,,,,,علي صلاح مهدي,,ali.khafaja@atu.edu.iq,اتصالات,,
26,دورة,التعامل مع الصور باستخدام لغة بايثون,شبكات وبرمجيات الحاسوب,هندسي,3,25000,موظفين+تدريسيين,حافظ علي شباط,,,ذكاء اصطناعي,2026/10/04,2026/10/06
,,,,,,,,خمائل راقم رحيم,,khmrakrah@atu.edu.iq,ذكاء اصطناعي,,
27,دورة,التهديدات ونقاط الضعف في مجال الامن السيبراني,شبكات وبرمجيات الحاسوب,هندسي,5,25000,موظفين+تدريسيين,علي خالد محمدعلي,,ali.khalid@atu.edu.iq,ذكاء اصطناعي,2027/02/07,2027/02/11
,,,,,,,,ضياء صالح حماد,9647722242843,dhiyaa_alshammari@atu.edu.iq,ذكاء اصطناعي,,
,,,,,,,,نداء غالب علي,9647802428549,inb.nedaa10@atu.edu.iq,تكنولوجيا المعلومات,,
,,,,,,,,زينب صاحب ظاهر,,,امن البيانات والمعلومات,,
28,دورة,الرياضيات التطبيقية من النظرية الى ذكاء الالة والاتصالات والالكترونيات,الالكترونيك,هندسي,5,25000,موظفين+تدريسيين,ايمان جواد ناجي,9647802428220,eman.naji@atu.edu.iq,تحليل دالي + نظم ديناميكية,2026/10/06,2026/10/10
,,,,,,,,حوراء نعمه جاسم,9647729288808,hawraa.jasim.iba9@atu.edu.iq,هندسة كهرباء - الكترونيك واتصالات,,
,,,,,,,,رسل نوري سعيد,9647800680902,rusul.saeed.iba12@atu.edu.iq,هندسة كهرباء - الكترونيك واتصالات,,
29,دورة,توصيف جهاز الميكروويف,الالكترونيك,هندسي,5,25000,موظفين+تدريسيين,ذو الفقار حميد عبد الرضا,9647803777077,thoalfukar@atu.edu.iq,هندسة حاسبات,2027/03/14,2027/03/18
,,,,,,,,سارة خماس جوي,9647722116533,sarah.lami@atu.edu.iq,هندسة الالكترونيك واتصالات,,
,,,,,,,,حسن فرحان رشك,,,هندسة كهرباء,,
30,دورة,تطبيقات تقنية النانو في تحقيق الاستدامة في الطاقة والبيئة ضمن تقنيات الالكترونيات والاتصالات,الالكترونيك,هندسي,5,25000,موظفين+تدريسيين,اسماء عدنان نجم,9647811029720,asmaa.najm@atu.edu.iq,فيزياء نانوتكنولوجي,2026/09/27,2026/10/01
,,,,,,,,رسل نوري سعيد,9647800680902,rusul.saeed.iba12@atu.edu.iq,هندسة الكترونيك واتصالات,,
,,,,,,,,علا باسم فاضل,9647814637041,ola.fadhil.iba100@atu.edu.iq,هندسة الكترونيك واتصالات,,
31,دورة,تطبيق التعلم العميق في انظمة الطاقة الذكية,الالكترونيك,هندسي,5,25000,موظفين+تدريسيين,زهراء حسن هادي,9647718739628,zahraa.hadi.iba105@atu.edu.iq,هندسة القدرة الكهربائية,2026/11/08,2026/11/12
,,,,,,,,سكينة عباس فاضل,9647709466604,sakena.fadhel.iba102@atu.edu.iq,هندسة الكترونيك واتصالات,,
,,,,,,,,خولة يحيى رباط,9647818506664,kahww.7788@gmail.com,هندسة كهرباء,,
32,دورة,انظمة اتصالات RF/FSO الهجينة,الالكترونيك,هندسي,5,25000,موظفين+تدريسيين,رويدة عبد الامير,9647723623627,ruwaida.abdulkareem.iba@atu.edu.iq,اتصالات,2026/12/13,2026/12/15
,,,,,,,,حسين علي محمد,,,اتصالات,,
,,,,,,,,زيدون وليد,,,هندسة كهرباء,,
33,دورة,التوأم الرقمي Digital Twin ودوره في الانظمة,الالكترونيك,هندسي,5,25000,موظفين+تدريسيين,سكينة عباس فاضل,9647709466604,sakena.fadhel.iba102@atu.edu.iq,هندسة الكترونيك واتصالات,2026/12/06,2026/12/10
,,,,,,,,زهراء حسن هادي,9647718739628,zahraa.hadi.iba105@atu.edu.iq,هندسة القدرة الكهربائية,,
,,,,,,,,علاء هادي,,,هندسة كهرباء,,
,,,,,,,,سعد صلاح,,,هندسة الكترونيك واتصالات,,
34,دورة,السلامة المختبرية والتعامل الامن مع المواد الكيمياوية,مدني,هندسي,5,25000,موظفين+تدريسيين,اركان راضي علي,,,موارد مائية,2026/11/15,2026/11/19
,,,,,,,,ليث كريم عبيس,,,هندسة كيمياوية,,
,,,,,,,,منار حامد جاسم,9647831226783,manar.jasim@atu.edu.iq,هندسة مدنية انشاءات,,
35,دورة,التحريات الجيوتقنية للتربة والفحوصات المختبرية ودورها في تقليل مخاطر الفشل,مدني,هندسي,5,25000,موظفين+تدريسيين,منار حامد جاسم,9647831226783,manar.jasim@atu.edu.iq,هندسة مدنية انشاءات,2026/12/06,2026/12/10
,,,,,,,,ليث كريم عبيس,,,هندسة كيمياوية,,
,,,,,,,,زهير كريم حمزة,,,هندسة مدنية انشاءات,,
36,دورة,تصميم الخلطات الخرسانية وفقا للكود الامريكي,مدني,هندسي,5,25000,موظفين+تدريسيين,رباب جلوب دخن,9647818648926,rababdekhn@gmail.com,انشاءات,2026/10/11,2026/10/15
,,,,,,,,هدى زهير عبد الغني,9647801715581,inb.huda@atu.edu.iq,مواد بناء,,
,,,,,,,,انسام علي هاشم,9647723731712,ansamly2@atu.edu.iq,مواد بناء,,
37,دورة,المواد المستدامة هي الحل الامثل لتقليل الاثر البيئي,مدني,هندسي,5,25000,موظفين+تدريسيين,انسام علي هاشم,9647723731712,ansamly2@atu.edu.iq,مواد بناء,2026/11/01,2026/11/05
,,,,,,,,ريام ضياء محمد,,,موارد مائية,,
,,,,,,,,رباب جلوب دخن,9647818648926,rababdekhn@gmail.com,انشاءات,,
38,دورة,التحول نحو البناء المستدام والتقنيات الخضراء,مدني,هندسي,5,25000,موظفين+تدريسيين,فاطمة اسعد مهدي,9647723708754,fatima.mahdi.iba101@atu.edu.iq,هندسة موارد مائية,2026/12/21,2026/12/25
,,,,,,,,زهراء احمد عبد النبي,9647719028764,zahraa.abduinaby.iba107@atu.edu.iq,هندسة عمارة,,
,,,,,,,,ولاء محمد جواد,,,هندسة طرق ونقل,,
39,دورة,تنمية المساحات الخضراء وفق نماذج حصاد المياه ضمن حدود بلدية الحلة,مدني,هندسي,5,25000,موظفين+تدريسيين,اركان راضي علي,,,موارد مائية,2026/10/04,2026/10/08
,,,,,,,,زهراء احمد عبد النبي,9647719028764,zahraa.abduinaby.iba107@atu.edu.iq,هندسة عمارة,,
,,,,,,,,فاطمة اسعد مهدي,9647723708754,fatima.mahdi.iba101@atu.edu.iq,هندسة موارد مائية,,
40,دورة,الميكانيك التطبيقي الذكي لتحويل الزراعة التقليدية إلى زراعة رقمية,وحدة التعليم المستمر,هندسي,3,25000,موظفين+تدريسيين,بشار ضياء حسين,9647809443996,bashar.hussein@atu.edu.iq,ميكانيك تطبيقي,2027/05/09,2027/05/13
,,,,,,,,ساره سالم حسن,9647735722475,sara.hassan.iba101@atu.edu.iq,ميكانيك تطبيقي,,
,,,,,,,,محمد نوري سعيد,,,البستنة وهندسة الحدائق,,
41,دورة,القانون الدولي في ظل التحول الرقمي,الإدارة القانونية,اداري,5,25000,موظفين+تدريسيين,هاني عبد الله عمران,9647802428207,hani.omran@atu.edu.iq,قانون دولي,2026/12/06,2026/12/10
,,,,,,,,قاسم ماضي حمزة,9647601041133,qasim.hamzah@atu.edu.iq,قانون عام,,
,,,,,,,,شيماء طرام لفته,9647738084100,sheimaa.lafta@atu.edu.iq,قانون عام,,
,,,,,,,,مشتاق طالب مهنة,9647801516534,dktwrmshtaqtalb@gmail.com,قانون دولي,,
42,دورة,القيود القانونية التي تهدد الحقوق والحريات في ظل التحول الرقمي,الإدارة القانونية,اداري,5,25000,موظفين+تدريسيين,زهير محمد هاشم,9647731953404,zuohair.hamza@atu.edu.iq,قانون جنائي,2027/03/01,2027/07/01
,,,,,,,,نغم عبد الحسين خليل,9647826274979,nagham.khalil@atu.edu.iq,قانون عام,,
,,,,,,,,اسعد دخيل,9647725235990,asaad.hadi@atu.edu.iq,علوم سياسية,,
,,,,,,,,رجاء حسين عباس,9647830995803,rajaaalessmaeely@gmail.com,قانون دولي,,
43,دورة,المسؤولية المدنية الناشئة عن استخدام الذكاء الاصطناعي,الإدارة القانونية,اداري,5,25000,موظفين+تدريسيين,محمود عبد عباس مغير,9647815589575,mahmood.abas@atu.edu.iq,قانون خاص,2027/01/31,2027/02/04
,,,,,,,,حسين محسن,,,قانون خاص,,
,,,,,,,,نبا علي خليل,,,تكنلوجيا المعلومات,,
,,,,,,,,عباس لطيف حسين,,,قانون دولي,,
44,دورة,القانون الجنائي الدولي والجرائم السيبرانية,الإدارة القانونية,اداري,5,25000,موظفين+تدريسيين,هاني عبد الله عمران,9647802428207,hani.omran@atu.edu.iq,قانون دولي,2027/03/14,2027/03/18
,,,,,,,,اسيل حاتم تومان,,,قانون جنائي,,
,,,,,,,,زينب حسين جدوع,9647723668013,zainab.jadooe.iba@atu.edu.iq,قانون عام,,
,,,,,,,,فاضل ناجح,,,قانون عام,,
45,دورة,توظيف التقنيات الحديثة في الدراسات القرانية واللغوية,الإدارة القانونية,اداري,5,25000,موظفين+تدريسيين,قاسم كاظم محمد,9647802428471,qasim.kadhummohammad@atu.edu.iq,اللغة العربية,2027/03/28,2027/04/01
,,,,,,,,نبيل شاكر عبد الحسين,,,اللغة العربية,,
,,,,,,,,علي محسن جبر,,,علوم قران,,
,,,,,,,,انعام حسين راضي,9647725964474,inam.obaid.iba@atu.edu.iq,إدارة صناعية,,
46,دورة,اثر تبني مؤشرات محاسبة الاستدامة وانعكاسها على تحسين عملية التدقيق,محاسبة,اداري,5,25000,موظفين+تدريسيين,جنان عبد العباس باقر,,,محاسبة مالية ودولية,2026/06/09,2026/06/10
,,,,,,,,ليث علي حمادي,9647725085691,layth.hammadi@atu.edu.iq,محاسبة مالية,,
,,,,,,,,مرتضى محمد شاني,,,محاسبة مالية,,
,,,,,,,,محمد ديكان عبد الحسين,,,تدقيق,,
47,دورة,اثر استخدام الذكاء الاصطناعي في عملية التدقيق وانعكاسها على تحسين جودة القوائم المالية,محاسبة,اداري,5,25000,موظفين+تدريسيين,ليث علي حمادي,9647725085691,layth.hammadi@atu.edu.iq,محاسبة مالية,2026/09/20,2026/09/24
,,,,,,,,مرتضى محمد شاني,,,محاسبة مالية,,
,,,,,,,,محمد ديكان عبد الحسين,,,تدقيق,,
,,,,,,,,جنان عبد العباس باقر,,,محاسبة مالية ودولية,,
48,دورة,التحليل الاستراتيجي للتكاليف في دعم الإدارة العليا في المنظمة,محاسبة,اداري,5,25000,موظفين+تدريسيين,رقية كاظم حمزة,,,إدارة صناعية,2026/10/04,2026/10/08
,,,,,,,,زينب زهير مهدي,9647711853669,zainab.mahde.iba16@atu.edu.iq,محاسبة كلف و إدارية,,
,,,,,,,,سناء كامل عبيس,9647710628974,sanaa.al-mansoory.iba@atu.edu.iq,محاسبة,,
,,,,,,,,سرى علاء جواد,,,علوم مالية ومصرفية,,
49,دورة,إدارة الأداء باستخدام مؤشرات المحاسبة المالية في المصارف,محاسبة,اداري,5,25000,موظفين+تدريسيين,رقية كاظم حمزة,,,إدارة صناعية,2026/11/08,2026/11/12
,,,,,,,,زينب زهير مهدي,9647711853669,zainab.mahde.iba16@atu.edu.iq,محاسبة كلف وإدارية,,
,,,,,,,,سناء كامل عبيس,9647710628974,sanaa.al-mansoory.iba@atu.edu.iq,محاسبة,,
,,,,,,,,سحر عبد الحسين مجيد,,,علوم مالية ومصرفية,,
50,دورة,التحليل المالي والنقدي ودوره في اتخاذ القرارات الإدارية والاقتصادية,محاسبة,اداري,5,25000,موظفين+تدريسيين,منى عبد صكبان,,,علوم مالية ومصرفية,2026/12/06,2026/12/10
,,,,,,,,سهير ضياء حسين,,,علوم مالية ومصرفية,,
,,,,,,,,غصون ثمود محمد,,,علوم مالية ونقدية,,
,,,,,,,,جمانة علي باقر,,,علوم مالية ونقدية,,
51,دورة,دور المعلومات المحاسبية في تحليل المؤشرات الاقتصادية,محاسبة,اداري,5,25000,موظفين+تدريسيين,جمانة علي باقر,,,علوم مالية ونقدية,2027/01/03,2027/01/07
,,,,,,,,غصون ثمود محمد,,,علوم مالية ونقدية,,
,,,,,,,,منى عبد صكبان,,,علوم مالية ومصرفية,,
,,,,,,,,سهير ضياء حسين,,,علوم مالية ومصرفية,,
52,دورة,القيادة الإدارية وإدارة فريق العمل,إدارة مواد,اداري,5,25000,موظفين+تدريسيين,حسن جبر,,,إدارة مواد,2026/10/11,2026/10/15
,,,,,,,,هاشم جبار,,,إدارة مواد,,
,,,,,,,,نهاية عبيد,,nihaya.abbas.iba@atu.edu.iq,إدارة مواد,,
,,,,,,,,ساره سنان,,,اقتصاد,,
53,دورة,دور الذكاء الاصطناعي في إدارة المشروعات الصغيرة,إدارة مواد,اداري,5,25000,موظفين+تدريسيين,جوان فاضل,,,إدارة مواد,2026/09/27,2026/10/01
,,,,,,,,حيدر حمودي,9647732221397,almimar.kadhim@atu.edu.iq,إدارة مواد,,
,,,,,,,,رياض نجم,9647806395391,reyadh.obaid@atu.edu.iq,إدارة صناعية,,
,,,,,,,,زهراء محمود,9647741961318,zahra.al-murshidi@atu.edu.iq,إدارة صناعية,,
54,دورة,التفكير الريادي وتوليد الأفكار الإبداعية,إدارة مواد,اداري,5,25000,موظفين+تدريسيين,ليلى منصور,9647806348343,layla.mazhar.bib10@atu.edu.iq,ريادة الاعمال,2026/09/20,2026/09/24
,,,,,,,,انفال سمير,,,إدارة صناعية,,
,,,,,,,,نور رياض,,,إدارة صناعية,,
,,,,,,,,جنان عبد العباس باقر,,,ريادة الاعمال,,
55,دورة,تصويب الأخطاء اللغوية الشائعة في الكتابة والتعبير,إدارة مواد,اداري,3,25000,موظفين+تدريسيين,علاء فليح,,,اللغة العربية,2026/11/16,2026/11/18
,,,,,,,,علي محسن جبر,,,علوم قران,,
56,دورة,ريادة الاعمال الرقمية والتجارة الالكترونية,إدارة مواد,اداري,5,25000,موظفين+تدريسيين,ليلى منصور,9647806348343,layla.mazhar.bib10@atu.edu.iq,ريادة الاعمال,2026/11/01,2026/11/05
,,,,,,,,جنان عبد العباس باقر,,,ريادة الاعمال,,
,,,,,,,,ساره سنان,,,اقتصاد,,
,,,,,,,,هاشم جبار,,,إدارة اعمال,,
57,دورة,فاعلية الجهات الإدارية في مكافحة الفساد المالي والإداري,إدارة مواد,اداري,5,25000,موظفين+تدريسيين,جوان فاضل,,,إدارة اعمال,2026/10/18,2026/10/22
,,,,,,,,زينا محمد,,,محاسبة,,
,,,,,,,,رضاء عبد الخضر,,,محاسبة,,
,,,,,,,,حسن جبر,,,إدارة اعمال,,
58,دورة,دور الأدارة في مكافحة جرائم الفساد الاداري والمالي في ظل التحول الرقمي,الادلة الجنائية,اداري,5,25000,موظفين+تدريسيين,زهير محمد هاشم,9647731953404,zuohair.hamza@atu.edu.iq,قانون,2026/09/20,2026/09/24
,,,,,,,,اسيل حاتم تومان,,,قانون,,
,,,,,,,,اسعد دخيل هادي,9647725235990,asaad.hadi@atu.edu.iq,قانون,,
,,,,,,,,احمد فاضل ناجي,,,قانون,,
59,دورة,استخدام العلوم الهندسية والطبية في كشف الادلة الجنائية,الادلة الجنائية,اداري,5,25000,موظفين+تدريسيين,عباس رزاق عبد,9647800719405,inb.abs3@atu.edu.iq,طبي,2026/09/27,2026/10/01
,,,,,,,,دريد عبد الرزاق حمد,9647773489775,durid.hamad.iba@atu.edu.iq,هندسي,,
,,,,,,,,رائد قائد عجمي,9647816080007,raied.ajmi.iba112@atu.edu.iq,هندسي,,
,,,,,,,,علي صلاح وهاب,9647875630448,elyaali207@gmail.com,قانون,,
60,دورة,المسؤولية القانونية للمستجيب الاول واجبات مأمور الضبط القضائي في مسرح الجريمة,الادلة الجنائية,اداري,5,25000,موظفين+تدريسيين,احمد رعد عزيز,9647832432643,ahmed.azeez.iba113@atu.edu.iq,قانون,2026/10/04,2026/10/08
,,,,,,,,زيد احمد خليل,9647713534665,zaidaltufail@gmail.com,قانون,,
,,,,,,,,فاضل محمد احمد,9647822033307,fadhel.ahmed.iba107@atu.edu.iq,قانون,,
,,,,,,,,احمد فاضل ناجي,,,قانون,,
61,دورة,البصمة الوراثية كأثبات جنائي,الادلة الجنائية,اداري,5,25000,موظفين+تدريسيين,علي صلاح وهاب,9647875630448,elyaali207@gmail.com,قانون,2026/10/11,2026/10/15
,,,,,,,,احمد عبد الرسول عبد الرضا,9647829012707,ahmed.jaber.iba114@atu.edu.iq,قانون,,
,,,,,,,,كوثر عبد الحسين علوان,9647725707862,kawthar.alwan.iba@atu.edu.iq,قانون,,
,,,,,,,,فاضل محمد احمد,9647822033307,fadhel.ahmed.iba107@atu.edu.iq,قانون,,
62,دورة,حقوق المتهم والمجني عليه اثناء الفحص الطبي الشرعي,الادلة الجنائية,اداري,5,25000,موظفين+تدريسيين,عباس رزاق عبد,9647800719405,inb.abs3@atu.edu.iq,طبي,2026/10/18,2026/10/22
,,,,,,,,احمد رعد عزيز,9647832432643,ahmed.azeez.iba113@atu.edu.iq,قانون,,
,,,,,,,,زيد احمد خليل,9647713534665,zaidaltufail@gmail.com,قانون,,
,,,,,,,,احمد عبد الرسول عبد الرضا,9647829012707,ahmed.jaber.iba114@atu.edu.iq,قانون,,
63,دورة,الاخطاء الطبية بين المسؤولية المدنية والجنائية,الادلة الجنائية,اداري,5,25000,موظفين+تدريسيين,عباس رزاق عبد,9647800719405,inb.abs3@atu.edu.iq,طبي,2026/10/25,2026/10/29
,,,,,,,,زيد احمد خليل,9647713534665,zaidaltufail@gmail.com,قانون,,
,,,,,,,,احمد فاضل ناجي,,,قانون,,
,,,,,,,,كوثر عبد الحسين علوان,9647725707862,kawthar.alwan.iba@atu.edu.iq,قانون,,
64,دورة,الهندسة الطبية الرقمية,الأجهزة الطبية,طبي,5,25000,موظفين+تدريسيين,محمد ازهر رزاق,9647801687294,coj.moh6@atu.edu.iq,هندسة كهرباء,2026/10/18,2026/10/22
,,,,,,,,حيدر فاضل عبد السادة,,,هندسة كهرباء,,
,,,,,,,,حسام حسن محمد,,,هندسة كهرباء,,
65,دورة,اساسيات برنامج الماتلاب,الأجهزة الطبية,طبي,5,25000,موظفين+تدريسيين,حسين علي محمد,,,هندسة كهرباء,2026/10/25,2026/10/29
,,,,,,,,دلائل سعد عبد الزهرة,,,رياضيات,,
,,,,,,,,اشراق مرزة حسن,,,حاسبات,,
66,دورة,دور الطاقات المتجددة والشبكة الذكية لتطوير واقع الطاقة الكهربائية,الأجهزة الطبية,طبي,5,25000,موظفين+تدريسيين,حسام حسن محمد,,,هندسة كهرباء,2026/09/20,2026/09/24
,,,,,,,,هبة زهير,9647730085060,heba.abdalkareem@atu.edu.iq,هندسة كهرباء,,
,,,,,,,,محمد مصدق شلاه,,,هندسة كهرباء,,
67,دورة,التحكم بتشغيل وصيانة الأجهزة الطبية الحديثة,الأجهزة الطبية,طبي,5,25000,موظفين+تدريسيين,باسم جبار مجيد,9647822285663,basim.majeed@atu.edu.iq,هندسة كهرباء,2026/09/27,2026/10/01
,,,,,,,,زيد علي حمود,,,هندسة كهرباء,,
,,,,,,,,عبد الحسين عبد الزهرة,9647888007744,abdul.abd@atu.edu.iq,هندسة كهرباء,,
68,دورة,اساسيات البيولوجيا الطبية لقسم تقنيات الأجهزة الطبية,الأجهزة الطبية,طبي,5,25000,موظفين+تدريسيين,امير قصي عباس,9647728261076,ameer.abbas.iba1@atu.edu.iq,علوم حياة,2026/10/04,2026/10/08
,,,,,,,,غيث علي,,,علوم حياة,,
,,,,,,,,علي عبد الكريم,,,علوم حياة,,
69,دورة,تصميم دوائر المرشحات الالكترونية باستخدام مكبر العمليات ذو الموصلية الانتقالية ota,الأجهزة الطبية,طبي,5,25000,موظفين+تدريسيين,عبد الحسين عبد الزهرة,9647888007744,abdul.abd@atu.edu.iq,هندسة كهرباء,2026/10/11,2026/10/15
,,,,,,,,محمد مصدق شلاه,,,هندسة كهرباء,,
,,,,,,,,زيد علي حمود,,,هندسة كهرباء,,
70,دورة,الكيمياء الصيدلانية وتطبيقاتها في تحضير الادوية,الصيدلة,طبي,5,25000,موظفين+تدريسيين,بارق عبد اللطيف,,,طبي,2026/10/11,2026/10/15
,,,,,,,,حسام عادل,,,علوم,,
,,,,,,,,طيبة صالح,9647732616549,teeba.kadhim.iba111@atu.edu.iq,علوم,,
,,,,,,,,حوراء صلاح,,,علوم,,
71,دورة,الأسباب المايكروبية للاجهاض وطرق التشخيص المختبرية,الصيدلة,طبي,5,25000,موظفين+تدريسيين,خود عبد المجيد,,,طبي,2026/10/04,2026/10/08
,,,,,,,,سيف أنور,,,طبي,,
,,,,,,,,زينب عبودي عباس,9647816833294,zainab.abbas.iba114@atu.edu.iq,علوم,,
,,,,,,,,اقبال زهو,9647725247246,iqbal.abed.iba@atu.edu.iq,علوم,,
72,دورة,استخدام الأجهزة الحديثة في التشخيص الجزيئي للمرضات الميكروبية,الصيدلة,طبي,5,25000,موظفين+تدريسيين,بارق عبد اللطيف,,,طبي,2026/09/27,2026/10/01
,,,,,,,,حوراء احمد,,,طبي,,
,,,,,,,,هالة حسين,9647800766228,halahussein430@gmail.com,طبي,,
,,,,,,,,حوراء صلاح,,,طبي,,
73,دورة,علم النباتات الطبية واستخداماتها الدوائية,الصيدلة,طبي,5,25000,موظفين+تدريسيين,عبير فاضل,,,طبي,2026/09/20,2026/09/24
,,,,,,,,اقبال زهو,9647725247246,iqbal.abed.iba@atu.edu.iq,علوم,,
,,,,,,,,مروة علي,,,طبي,,
,,,,,,,,قصي جنابي,,,طبي,,
74,دورة,اسياسيات شبكات الحاسوب,الصيدلة,طبي,5,25000,موظفين+تدريسيين,وفاء محمد,,,هندسي,2026/09/13,2026/09/17
,,,,,,,,هدى فلاح,9647810965598,huda.falah@atu.edu.iq,اللغة الإنكليزية,,
,,,,,,,,سيف أنور,,,طبي,,
,,,,,,,,خلود عبد المجيد,9647814263880,khuloodmajeed91@gmail.com,طبي,,
75,دورة,دور الاحياء المجهرية في معالجة التلوث البيئي,تمريض,طبي,5,25000,موظفين+تدريسيين,مريم صادق عيسى,,,احياء مجهرية,2026/09/06,2026/09/10
,,,,,,,,انتصار خليف فليفل,9647810060775,intisar.khlaif@atu.edu.iq,احياء مجهرية,,
,,,,,,,,حنان سليم,,,احياء مجهرية,,
,,,,,,,,ياسر وسام عبد الزهراء,,,علوم زراعية,,
76,دورة,استخدام تقنية التصوير المقطعي الدقيق كبديل للتقطيع النسيجي في الاجنه,تمريض,طبي,3,25000,موظفين+تدريسيين,رباب عدنان حمزة,,,تشريح وانسجة,2026/10/04,2026/10/06
,,,,,,,,نور محمد ابراهيم,,,اجنة,,
77,دورة,دور التمريض في الكشف عن مرض باركنسون باستخدام التعلم العميق عبر الكتابة اليدوية,تمريض,طبي,5,25000,موظفين+تدريسيين,محمد فارس,,,حاسبات,2026/11/01,2026/11/03
,,,,,,,,صلاح سعيد هاشم,,,تمريض,,
,,,,,,,,ليث عبد الامير,,,تمريض,,
78,دورة,تاثير اللغة الانكليزية على التفكير والسلوك النفسي,تمريض,طبي,5,25000,موظفين+تدريسيين,ايناس حيدر,,,انكليزي,2026/09/28,2026/09/30
,,,,,,,,نهى قاسم سهيل,,,انكليزي,,
,,,,,,,,عواطف حميد,,,علم نفس,,
79,دورة,دور مضدات الاكسدة للوقاية من الامراض المزمنة,تمريض,طبي,5,25000,موظفين+تدريسيين,سوسن حسن,,,كيمياء حياتية سريرية,2026/10/27,2026/10/29
,,,,,,,,حسين عدنان حسين,,,كيمياء حياتية,,
,,,,,,,,عبير حسن,9647738072261,abbeer.madlom.iba104@atu.edu.iq,كيمياء عضوية,,
80,دورة,تاتير المضادات الحيوية على تكوين البروتين داخل الجسم,مختبرات طبية,طبي,3,25000,موظفين+تدريسيين,رؤى وهاب,9647601017371,roaa.mohammed@atu.edu.iq,كيمياء,2026/12/13,2026/12/17
,,,,,,,,وسام فارس,,,علوم حياة,,
81,دورة,دور البكتيريا في الالتهابات المجاري البولية واليات تشخيصها,مختبرات طبية,طبي,5,25000,موظفين+تدريسيين,زينب ناصر نبات,9647831394533,zainab.nabat@atu.edu.iq,احياء مجهرية,2027/01/03,2027/01/07
,,,,,,,,مها حميد اسماعيل,,,احياء مجهرية,,
,,,,,,,,مها عادل حسين,9647800441299,maha.hussain.iba100@atu.edu.iq,احياء مجهرية,,
82,دورة,الفسلجة الرقمية ( فهم وضائف الجسم من خلال البرمجة ),مختبرات طبية,طبي,5,25000,موظفين+تدريسيين,حيدر حسين,,,طفيليات بيطرية,2026/10/11,2026/10/15
,,,,,,,,سيف عبيد,,,شبكات الحاسوب,,
,,,,,,,,ود عبد الخالق عبد زيد,9647812044586,wid.abdzaid@atu.edu.iq,فسلجة دم,,
,,,,,,,,علي موجد,,,فسلجة طبية,,
83,دورة,دور تقنيات الذكاء الرقمي في تحليل تاثير البكتيريا على الوظائف الفسيولوجية للمعدة,مختبرات طبية,طبي,5,25000,موظفين+تدريسيين,سارة عبد الكريم مخيف,9647804734690,sarah.mukheef@atu.edu.iq,احياء مجهرية,2026/09/20,2026/09/24
,,,,,,,,ود عبد الخالق عبد زيد,9647812044586,wid.abdzaid@atu.edu.iq,فسلجة دم,,
,,,,,,,,ايات رحيم خلف,,,احياء مجهرية,,
84,دورة,واستخدام تقنيات الذكاء الاصطناعي في تشخيص الامراض البكتيرية والفطرية,مختبرات طبية,طبي,5,25000,موظفين+تدريسيين,وسام فارس,,,علوم حياة,2026/10/25,2026/10/29
,,,,,,,,منى غافل,,,علوم حياة,,
,,,,,,,,سارة عبد الكريم,9647804734690,sarah.mukheef@atu.edu.iq,احياء مجهرية,,
,,,,,,,,انتصار مرزوك,,,فطريات,,
85,دورة,توظيف الذكاء الاصطناعي والتعلم الالي في اكتشاف المواد الكيميائية,مختبرات طبية,طبي,5,25000,موظفين+تدريسيين,سيف عبد حسين,,,الحاسبات,2026/10/04,2026/10/08
,,,,,,,,رؤى وهاب,9647601017371,roaa.mohammed@atu.edu.iq,كيمياء عضوية,,
,,,,,,,,رواء رحيم كريم,9647711962186,rawaa.raheem@atu.edu.iq,كيمياء تحليلية,,
86,دورة,تقييم الفاعلية التثبيطية لمستخلص الكركم والزنجبيل على الكائنات الممرضة,صحة المجتمع,طبي,5,25000,موظفين+تدريسيين,ابتسام محمد حسين,9647831691033,inb.ebts@atu.edu.iq,مقاومة احيائية,2026/12/06,2026/12/10
,,,,,,,,نجلاء جواد حساني,9647819426402,najlaajawad66.iba@atu.edu.iq,كيمياء,,
,,,,,,,,حيدر فرحان عبد الله,9647724202768,haider.abdullah.iba3@atu.edu.iq,علوم بيئة,,
,,,,,,,,بلال نجم عبد,,,صحة المجتمع,,
87,دورة,التلوث النووي وسبل الوقاية منه,صحة المجتمع,طبي,5,25000,موظفين+تدريسيين,زينب كريم جواد,9647703452610,inb.znb5@atu.edu.iq,علوم حياة,2026/10/11,2026/10/15
,,,,,,,,ميسون كوشي جاسم,,maysoon.hussein.iba@atu.edu.iq,علوم حياة,,
,,,,,,,,اسيل حافظ جواد,9647813437240,aseel.abbod.iba@atu.edu.iq,صحة المجتمع,,
,,,,,,,,اياد عباس عناد,,,صحة المجتمع,,
88,دورة,الجسيمات النانوية كناقلات للقاحات والعلاجات المناعية,صحة المجتمع,طبي,5,25000,موظفين+تدريسيين,دعاء حسن هادي,9647811146242,duaa.hadi.iba13@atu.edu.iq,مناعة,2026/12/20,2026/12/24
,,,,,,,,بلال عصام فاضل,9647723767902,isambilal090@gmail.com,مناعة,,
,,,,,,,,ايناس عباس خير الله,,inas.khairualla@atu.edu.iq,احياء مجهرية,,
,,,,,,,,علي كريم حميد,,,فسلجة,,
89,دورة,دور هرمون الميلاتونين في تنظيم النوم وتاثير استخدام الحاسوب على افرازه,صحة المجتمع,طبي,5,25000,موظفين+تدريسيين,سالينا عبد العباس ناصر,9647819165118,dr.salina8@gmail.com,فسلجة طبية,2026/10/04,2026/10/08
,,,,,,,,علي سامر سليم,9647711112624,ali.selim.iba105@atu.edu.iq,حاسبات,,
,,,,,,,,علي كريم حميد,,,فسلجة طبية,,
,,,,,,,,سارة عبد الخالق,,,فسلجة,,
90,دورة,الميكروبات المسببة لالتهابات المسالك البولية,صحة المجتمع,طبي,5,25000,موظفين+تدريسيين,ايناس عباس خير الله,,inas.khairualla@atu.edu.iq,احياء مجهرية,2026/10/25,2026/10/29
,,,,,,,,شهد سعد محمد,9647814640434,shahadmostfa674@gmail.com,احياء مجهرية,,
,,,,,,,,سوزان راضي حسين,9647813961398,suzan.hussain.iba103@atu.edu.iq,احياء مجهرية,,
,,,,,,,,شيماء عبد الجبار,9647829304616,shymaa.saeed@atu.edu.iq,احياء مجهرية,,
91,دورة,استخدام تقنيات النانوية في تشخيص الامراض المناعية,صحة المجتمع,طبي,5,25000,موظفين+تدريسيين,دعاء حسن هادي,9647811146242,duaa.hadi.iba13@atu.edu.iq,مناعة نانو,2026/11/15,2026/11/19
,,,,,,,,بلال عصام فاضل,9647723767902,isambilal090@gmail.com,مناعة,,
,,,,,,,,نائل عباس كاظم,9647725660581,naiel.alkhafaji@atu.edu.iq,مناعة,,
,,,,,,,,ثناء عبد المهدي,,,فسلجة,,
92,دورة,ادارة العلاقات الدولية في العصر الرقمي,الادارة القانونية,اداري,5,25000,موظفين+تدريسيين,هاني عبد الله عمران,9647802428207,hani.omran@atu.edu.iq,دكتوراه قانون دولي,2026/11/01,2026/11/05
,,,,,,,,قاسم ماضي حمزة,9647601041133,qasim.hamzah@atu.edu.iq,دكتوراه قانون عام,,
,,,,,,,,شيماء طرام لفتة,9647738084100,sheimaa.lafta@atu.edu.iq,دكتوراه قانون عام,,
93,دورة,دور هيئة النزاهة في مكافحة الفساد الاداري والمالي,الادارة القانونية,اداري,5,25000,موظفين+تدريسيين,زهير محمد هاشم,9647731953404,zuohair.hamza@atu.edu.iq,دكتوراه قانون دولي,2026/10/04,2026/10/08
,,,,,,,,نغم عبد الحسين خليل,9647826274979,nagham.khalil@atu.edu.iq,دكتوراه قانون عام,,
,,,,,,,,انعام حسين راضي,9647725964474,inam.obaid.iba@atu.edu.iq,دكتوراه قانون دولي,,
94,دورة,المواجهة التشريعية لجرائم المعلوماتية,الادارة القانونية,اداري,5,25000,موظفين+تدريسيين,مشتاق طالب مهنة,9647801516534,dktwrmshtaqtalb@gmail.com,دكتوراه قانون دولي,2027/02/07,2027/02/11
,,,,,,,,رجاء حسين عباس,9647830995803,rajaaalessmaeely@gmail.com,قانون عام,,
,,,,,,,,وفاء محمد طاهر,,,قانون عام,,
95,دورة,تحسين اداء الخلايا الشمسية باستخدام مواد معدنية وسبائك مبتكرة,ميكانيك,هندسي,5,25000,موظفين+تدريسيين,اوراس خضير عبيس,,,هندسة ميكانيك حراريات,2026/11/15,2026/11/19
,,,,,,,,مالك عبد الحسين محسن,9647732311295,malik.alhusayn.iba@atu.edu.iq,هندسة مواد / معادن حياتية,,
,,,,,,,,زهرة حمود جلهام,9647814026056,inb.zhr2@atu.edu.iq,هندسة ميكانيك / حراريات,,
96,دورة,مصادر الطاقة البديلة والمتجددة,ميكانيك,هندسي,3,25000,موظفين+تدريسيين,عباس فخري عبد الامير,9647812023064,abbasfakhri83@gmail.com,هندسة قدرة كهربائية,2026/10/26,2026/10/28
,,,,,,,,رائد سلمان سعيد,9647811371354,raed.saeed@atu.edu.iq,هندسة ميكانيك تطبيقي,,
97,دورة,السلامة الكيميائية وادارة المخاطر في المختبرات,الصيدلة,طبي,5,25000,موظفين+تدريسيين,طيبة صالح كاظم,9647732616549,teeba.kadhim.iba111@atu.edu.iq,علوم كيمياء,2027/01/10,2027/01/14
,,,,,,,,حسام عادل محمد,,,علوم كيمياء,,
,,,,,,,,حوراء صلاح مهدي,,,علوم احياء,,
98,دورة,اسرار الحياة المجهرية : رحلة في عالم البكتيري,الصيدلة,طبي,5,,موظفين+تدريسيين,بارق عبد اللطيف صبر,,,احياء مجهرية طبية,2027/01/03,2027/01/07
,,,,,,,,سيف انور جعفر,,,احياء مجهرية,,
,,,,,,,,حوراء احمد علي,,,احياء مجهرية,,
99,دورة,دراسة وتحليل انظمة التوزيع الشعاعية باستخدام اجهزة FACT باعتماد على تقنيات الاستدلال الهجينة,الالكترونيك,هندسي,3,25000,موظفين+تدريسيين,خولة يحيى رباط,9647818506664,kahww.7788@gmail.com,ماجستير هندسة كهرباء,2027/01/19,2027/01/21
100,دورة,دورة تحليل اداء الترميز الزمني - المكاني (stbc) في قنوات اللاسلكية المختلفة,الالكترونيك,هندسي,5,25000,موظفين+تدريسيين,رسل نوري سعيد,9647800680902,rusul.saeed.iba12@atu.edu.iq,الكترونيك واتصالات,2027/04/04,2027/04/06
,,,,,,,,حوراء نعمة جاسم,9647729288808,hawraa.jasim.iba9@atu.edu.iq,الكترونيك واتصالات,,
,,,,,,,,احمد محمد علي علي,,,الكترونيك واتصالات,,
101,دورة,من الذرة الى الابتكار تقنيات النانو ودورها في المجالات الهندسية,الالكترونيك,هندسي,5,25000,موظفين+تدريسيين,سارة خماس جوي,9647722116533,sarah.lami@atu.edu.iq,الكترونيك واتصالات,2026/12/08,2026/12/10
102,دورة,الطاقة الشمسية للاستخدام المنزلي,الاجهزة طبية,هندسي,,,,غيث علي عبد الرحيم,,,هندسة كهربائية والكترونية,2027/01/31,2027/02/04
,,,,,,,,علي عبد الكريم,,,هندسة كهرباء,,
103,دورة,حوكمة الشركات ودورها في تحقيق المعلومات المحاسبية في سوق الارواق المالية,المحاسبة,اداري,5,25000,موظفين+تدريسيين,جنان عبد العباس باقر,,,محاسبة,2027/10/11,2027/10/15
,,,,,,,,مرتضى محمد شاني,,,محاسبة,,
,,,,,,,,سهاد داخل جعفر,,,محاسبة,,
104,دورة,استخدام نسبة التحليل المالي كمؤشر الى الوعاء الضريبي مقبول لمصلحة المدقق,المحاسبة,اداري,5,25000,موظفين+تدريسيين,جنان عبد العباس باقر,,,محاسبة,2027/10/25,2027/10/29
,,,,,,,,ليث علي حمادي,9647725085691,layth.hammadi@atu.edu.iq,محاسبة,,
,,,,,,,,محمد ديكان عبد الامير,,,تدقيق,,
105,دورة,هندسة الجيوتكنك والجغرافية البشرية,المساحة,هندسي,3,25000,موظفين+تدريسيين,حوراء كريم سليم,9647819471347,amzhrahwra30@gmail.com,جغرافية بشرية,2027/01/25,2027/01/27
,,,,,,,,زينب علي حسين جاسم,9647887833387,zainab.jassim.iba@atu.edu.iq,هندسة الجيوتكنك,,
106,دورة,دورة الخرسانة القادرة على الاصلاح الذاتي,المدني,هندسي,5,25000,موظفين+تدريسيين,هدى زهير عبد الغني,9647801715581,inb.huda@atu.edu.iq,مواد انشائية,2026/11/15,2026/11/19
,,,,,,,,انسام علي هاشم,9647723731712,ansamly2@atu.edu.iq,مواد بناء,,
,,,,,,,,رباب جلوب دخن,9647818648926,rababdekhn@gmail.com,انشاءات,,
107,دورة,فيروس داء الكلب وطرق الانتقال والتشخيص والوقاية الصحية,المختبرات الطبية,طبي,5,25000,موظفين+تدريسيين,زينب ناصر نبات,9647831394533,zainab.nabat@atu.edu.iq,احياء مجهرية,2027/02/21,2027/02/25
,,,,,,,,مها حميد اسماعيل,,,احياء مجهرية,,
,,,,,,,,مها عادل حسين,9647800441299,maha.hussain.iba100@atu.edu.iq,احياء مجهرية,,
,,,,,,,,سارة عبد الكريم مخيف,9647804734690,sarah.mukheef@atu.edu.iq,احياء مجهرية,,
108,دورة,دور المركبات الكيميائية في تنشيط نمو الاحياء المجهرية وتاثيرها على فسلجة الدم,المختبرات الطبية,طبي,5,25000,موظفين+تدريسيين,ايات رحيم خلف,,,احياء مجهرية,2026/09/06,2026/09/10
,,,,,,,,رواء رحيم كريم,9647711962186,rawaa.raheem@atu.edu.iq,كيمياء,,
,,,,,,,,ود عبد الخالق عبد زيد,9647812044586,wid.abdzaid@atu.edu.iq,احياء مجهرية,,
109,دورة,السموم الفطرية وتاثيرها على صحة الانسان,المختبرات الطبية,طبي,5,25000,موظفين+تدريسيين,انتصار مرزوك,,,مقاومة احيائية,2027/01/31,2027/02/04
,,,,,,,,حيدر حسين,,,طفيليات,,
,,,,,,,,علي موجد,,,فسلجة طبية,,
110,دورة,استخدام تقنيات الذكاء الالصطناعي في تطوير المواد الحيوية السيراميكية,ميكانيك القدرة,هندسي,5,25000,موظفين+تدريسيين,زهراء كاظم روضان,,,فيزياء /مواد,2027/04/26,2027/04/30
,,,,,,,,الاء سهيل نجم,,,مواد / سيراميك,,
,,,,,,,,الاء مجيد شنين,,,امن سيبراني,,
,,,,,,,,علاء شاكر عبيده,,,ميكانيك تطبيقي,,
111,دورة,لهندسة الميكانيكية التطبيقية للأنظمة الحرارية: تحليل وتصميم متقدم,ميكانيك القدرة,هندسي,5,25000,موظفين+تدريسيين,سارة يحيى حاتم,9647881184225,sarah.assad@atu.edu.iq,ميكانيك حراريات,2027/04/19,2027/04/23
,,,,,,,,سارة سالم حسن,9647735722475,sara.hassan.iba101@atu.edu.iq,ميكانيك تطبيقي,,
,,,,,,,,احمد كريم كاظم,9647719570199,ahmed.kadhom.iba102@atu.edu.iq,ميكانيك حراريات,,
112,دورة,تصميم انظمة الطاقة والهندسة الكهربائية مع انظمة الراديتر والتحكم الرياضي,ميكانيك القدرة,هندسي,5,25000,موظفين+تدريسيين,علاء حسين مجيد,,,تبولوجيا ديناميكي,2027/05/03,2027/05/07
,,,,,,,,زينة صلاح حسن,9647803865847,zinah.hasan@atu.edu.iq,قدرة كهربائية,,
,,,,,,,,حميدة مسلم عبد الحسين,9647708015920,hameedahmuslim@gmail.com,حراريات,,
113,دورة,القلق والضغوط النفسية كمحركات سلوك الغش الامتحاني,التمريض,طبي,3,25000,موظفين+تدريسيين,عواطف حميد صالح,,,علم نفس,2026/11/15,2026/11/17
114,دورة,تطبيقات AI لتحليل الصور الطبية وتشخيص الامراض,التمريض,طبي,,,,محمد فارس ناجي,,,ماجستير حاسبات,2026/12/13,2026/12/17
,,,,,,,,رباب عدنان حمزة,,,ماجستير تشريح وانسجة,,
,,,,,,,,مريم صادق عيسى,,,ماجستير احياء مجهرية,,
115,دورة,دراسة المصطلحات الانكليزية في علم الوراثة والخلية,التمريض,طبي,5,25000,موظفين+تدريسيين,ايناس حيدر,,,انكليزي,2026/12/27,2026/12/31
,,,,,,,,نهى قاسم سهيل,,,انكليزي,,
,,,,,,,,انتصار خليف فليفل,9647810060775,intisar.khlaif@atu.edu.iq,احياء مجهرية,,
116,دورة,الاسس التيبولوجية لمرض الذئبة الحمامي الجهازي,صحة المجتمع,طبي,5,,موظفين+تدريسيين,سوزان راضي حسين,9647813961398,suzan.hussain.iba103@atu.edu.iq,الاحياء المجهرية,2026/11/15,2026/11/19
,,,,,,,,اسيل حافظ جواد,9647813437240,aseel.abbod.iba@atu.edu.iq,صحة المجتمع,,
,,,,,,,,ميسون كوشي جاسم,,maysoon.hussein.iba@atu.edu.iq,علوم حياة,,
117,دورة,اضطراب المناعة في التهاب المفاصل الروماتويدي وعلاقته بتنظيم الكورتيزول,صحة المجتمع,طبي,5,25000,موظفين+تدريسيين,شهد سعد محمد,9647814640434,shahadmostfa674@gmail.com,مناعة سريرية,2026/12/13,2026/12/17
,,,,,,,,سالينا عبد العباس ناصر,9647819165118,dr.salina8@gmail.com,فسلجة طبية,,
,,,,,,,,علي كريم حميد,,,فسلجة طبية,,
118,دورة,السكر التراكمي (HbA1c ) ودوره في فسلجة الدم وتاثيره على الجهاز المناعي,صحة المجتمع,طبي,5,25000,موظفين+تدريسيين,سارة عبد الخالق,,,فسلجة طبية,2026/12/06,2026/12/10
,,,,,,,,شهد سعد محمد,9647814640434,shahadmostfa674@gmail.com,مناعة سريرية,,
,,,,,,,,شيماء عبد الجبار,9647829304616,shymaa.saeed@atu.edu.iq,الاحياء المجهرية,,
119,دورة,الطب النانوي في علاج امراض المناعة الذاتية,صحة المجتمع,طبي,5,25000,موظفين+تدريسيين,دعاء حسن هادي,9647811146242,duaa.hadi.iba13@atu.edu.iq,مناعة نانو,2027/01/03,2027/01/07
,,,,,,,,بلال عصام فاضل,9647723767902,isambilal090@gmail.com,مناعة سريرية,,
,,,,,,,,علي كريم حميد,,,فسلجة,,
120,دورة,مكافحة العدوى والسيطرة عليها في المستشفيات,صحة المجتمع,طبي,5,25000,موظفين+تدريسيين,اسيل حافظ جواد,9647813437240,aseel.abbod.iba@atu.edu.iq,صحة المجتمع,2027/01/17,2027/01/21
,,,,,,,,زينب كريم جواد,9647703452610,inb.znb5@atu.edu.iq,علوم حياة,,
,,,,,,,,ميسون كوشي جاسم,,maysoon.hussein.iba@atu.edu.iq,علوم حياة,,
121,دورة,التاثيرات الفيسولوجية لمرض السكري على وظائف الجهاز العصبي,صحة المجتمع,طبي,5,25000,موظفين+تدريسيين,ثناء عبد المهدي,,,علوم حياة,2027/03/14,2027/03/18
,,,,,,,,سوزان راضي حسين,9647813961398,suzan.hussain.iba103@atu.edu.iq,علوم حياة,,
,,,,,,,,علي كريم حميد,,,فسلجة,,
122,دورة,التشخيص المختبري لبعض الطفيليات الدموية في الانسان,المختبرات الطبية,طبي,3,25000,موظفين+تدريسيين,حيدر حسين عبيد,,,طفيليات بيطرية,2026/12/28,2026/12/30
,,,,,,,,انتصار مرزوك حسين,,,مقاومة احيائية,,
,,,,,,,,علي موجد فضيل,,,فسلجة طبية,,
123,دورة,الاختبارات البيوكيميائية في الكشف عن البكتيريا المرضية المرتبطة بالجروح,المختبرات الطبية,طبي,5,25000,موظفين+تدريسيين,ايات رحيم خلف,,,احياء مجهرية,2027/04/04,2027/04/08
,,,,,,,,رواء رحيم كريم,9647711962186,rawaa.raheem@atu.edu.iq,كيمياء تحليلية,,
,,,,,,,,رؤى وهاب,9647601017371,roaa.mohammed@atu.edu.iq,كيمياء عضوية,,
124,دورة,دور بكتريا المعدة في امراض الجهاز الهظمي,المختبرات الطبية,طبي,5,25000,موظفين+تدريسيين,مها حميد اسماعيل,,,علوم حياة,2026/12/05,2026/12/09
,,,,,,,,منى غافل عبد,,,احياء مجهرية,,
,,,,,,,,زينب ناصر نبات,9647831394533,zainab.nabat@atu.edu.iq,احياء مجهرية,,
125,دورة,استخدام جداول الاكسل في تحليل اداء الشبكات ومراقبة حركة المرور,الصيدلة,طبي,5,مجاني,موظفين+تدريسيين,وفاء محمد بريسم,9647816774691,wafaa333mohammed@gmail.com,علوم حاسبات,2026/09/27,2026/10/01
,,,,,,,,حوراء احمد علي,,,احياء مجهرية,,
,,,,,,,,حوراء صلاح مهدي,,,احياء مجهرية,,
,,,,,,,,اقبال زهو عبد,9647725247246,iqbal.abed.iba@atu.edu.iq,زراعة,,
126,دورة,الاعراض الجانبية لاستخدام ادوية التخسيس,الصيدلة,طبي,5,25000,موظفين+تدريسيين,خلود عبد المجيد,9647814263880,khuloodmajeed91@gmail.com,مقاومة احيائية,2026/09/18,2026/09/23
,,,,,,,,هالة حسين عبد علي,9647800766228,halahussein430@gmail.com,احياء مجهرية,,
,,,,,,,,عبير فاضل ابراهيم,,,ادوية وسموم,,
,,,,,,,,طيبة صالح كاظم,9647732616549,teeba.kadhim.iba111@atu.edu.iq,كيمياء عضوية,,
,,,,,,,,,,,,,
,,,,,,,,,,,,,
,,,,,,,,,,,,,
127,ورشة,تكامل التقنيات الرقمية مع الاجهزة الطبية والانظمة الديناميكية,الاجهزة طبية,هندسي,1,مجاني,موظفين+تدريسيين,زيد علي حمود,,,هندسة كهرباء,2026/09/06,2026/09/06
,,,,,,,,علي عبد الكريم,,,علوم حياة,,
128,ورشة,توظيف ادوات الذكاء الاصطناعي والنمذجة الرياضية في التحول الرقمي,الاجهزة طبية,هندسي,1,مجاني,موظفين+تدريسيين,دلائل سعد عبد الزهرة,,,رياضيات تشفير,2026/09/13,2026/09/13
,,,,,,,,حسين علي محمد,,,هندسة كهربائية والكترونية,,
129,ورشة,الانظمة الانشائية المقاومة للزلازل,المساحة,هندسي,1,مجاني,موظفين+تدريسيين,سلسبيل كريم برهان,9647723964094,salsabeel.burhan.bi12@atu.edu.iq,هندسة مواد,2026/12/06,2026/12/06
,,,,,,,,مخلد مراد عبيد,9647810245245,mukhallad.murad.iku@atu.edu.iq,هندسة انشاءات,,
130,ورشة,نظم المعلومات الجغرافية,المساحة,هندسي,1,مجاني,موظفين+تدريسيين,بشير سليم جاسم,9647724851028,basheer.jasim@atu.edu.iq,هندسة جيوماتيك,2026/12/01,2026/12/01
,,,,,,,,اثير عسكر اسماعيل,9647805978091,atheerasker@gmail.com,تخطيط حضري,,
131,ورشة,مقدمة عن نظام The wimax System,الالكترونيك,هندسي,1,مجاني,موظفين+تدريسيين,رسل نوري سعيد,9647800680902,rusul.saeed.iba12@atu.edu.iq,هندسة الالكترونيك واتصالات,2026/11/08,2026/11/08
,,,,,,,,محمد جاسم محمد,,,هندسة الالكترونيك واتصالات,,
132,ورشة,اللغة العربية في عصر الذكاء الاصطناعي و التكنولوجيا,الالكترونيك,هندسي,1,مجاني,موظفين+تدريسيين,نور عايد عبد الله,9647803557567,noor.serkal.iba14@atu.edu.iq,اللغة العربية,2026/09/20,2026/09/20
,,,,,,,,بلقيس بشار جابر,,,اللغة العربية,,
133,ورشة,استدامة المباني : الاستراتيجيات ذكية لتقليل الكلفة والاثر البيئي,مدني,هندسي,1,مجاني,موظفين+تدريسيين,رباب جلوب دخن,9647818648926,rababdekhn@gmail.com,انشاءات,2026/09/21,2026/09/21
,,,,,,,,هدى زهير عبد الغني,9647801715581,inb.huda@atu.edu.iq,مواد انشائية,,
134,ورشة,طرق الترميم الذاتي للخرسانة,مدني,هندسي,1,مجاني,موظفين+تدريسيين,انسام علي هاشم,9647723731712,ansamly2@atu.edu.iq,مواد بناء,2026/11/26,2026/11/26
,,,,,,,,هدى زهير عبد الغني,9647801715581,inb.huda@atu.edu.iq,مواد انشائية,,
135,ورشة,تحسين كفاءة أنظمة التبريد والتكييف والشبكات الكهربائية,ميكانيك القدرة,هندسي,1,مجاني,موظفين+تدريسيين,زينة صلاح حسن,9647803865847,zinah.hasan@atu.edu.iq,هندسة كهرباء,2026/11/30,2026/11/30
,,,,,,,,الاء مجيد شنين,,,امن سيبراني,,
136,ورشة,الامن السيبراني في عمليات التصنيع,ميكانيك القدرة,هندسي,1,مجاني,موظفين+تدريسيين,راقية جواد ناجي,,,إدارة صناعية,2026/11/22,2026/11/22
,,,,,,,,بشار ضياء حسين,9647809443996,bashar.hussein@atu.edu.iq,ميكانيك تطبيقي,,
137,ورشة,استخدام تقنيات التقوية الرطبة البوليمرية في صناعة الورق,ميكانيك,هندسي,1,مجاني,موظفين+تدريسيين,نجلاء شاكرعزيز,9647723128916,najlaa.shemery@atu.edu.iq,هندسة انتاج والمعادن,2026/07/12,2026/07/12
138,ورشة,ادوات تحسين الجودة,الميكانيك,هندسي,1,مجاني,موظفين+تدريسيين,زهير حسن عبد الله,,,هندسة صناعية,2026/11/08,2026/11/08
,,,,,,,,زهرة حمود جلهام,9647814026056,inb.zhr2@atu.edu.iq,حراريات,,
139,ورشة,من النظرية الى التطبيق : حلول ميكانيكية ذكية للصناعة الحديثة,وحدة التعليم المستمر,هندسي,1,مجاني,موظفين+تدريسيين,ساره سالم حسن,9647735722475,sara.hassan.iba101@atu.edu.iq,هندسة ميكانيك تطبيقي,2027/04/04,2027/04/04
140,ورشة,استراتيجيات ميكانيكية متقدمة لتطوير الاداء وفق مؤشرات قياس معتمدة ( KPIS),وحدة التعليم المستمر,هندسي,1,مجاني,موظفين+تدريسيين,ساره سالم حسن,9647735722475,sara.hassan.iba101@atu.edu.iq,هندسة ميكانيك تطبيقي,2027/05/02,2027/05/02
141,ورشة,الميكانيك الحراري وتطبيقاته في البيوت المحمية والزراعة المحمية,وحدة التعليم المستمر,هندسي,1,مجاني,موظفين+تدريسيين,ساره سالم حسن,9647735722475,sara.hassan.iba101@atu.edu.iq,ميكانيك تطبيقي,2027/03/14,2027/03/14
,,,,,,,,محمد نوري سعيد,,,البستنة وهندسة الحدائق,,
142,ورشة,ورشة التحول الرقمي في المؤسسات والتعليم,شبكات وبرمجيات الحاسوب,هندسي,1,مجاني,موظفين+تدريسيين,رؤى مجيد عزيز,9647726574022,ruaa.humady@atu.edu.iq,هندسة تقنيات الحاسوب,2027/03/22,2027/03/22
,,,,,,,,وفاء محمدرضا,9647802428213,inb.wfa@atu.edu.iq,هندسة الكترونيات,,
,,,,,,,,زينب صاحب,,,برمجيات,,
143,ورشة,بناء نماذج التعلم العميق,شبكات وبرمجيات الحاسوب,هندسي,1,مجاني,موظفين+تدريسيين,حافظ علي شباط,,,ذكاء اصطناعي,2026/11/09,2026/11/09
,,,,,,,,خمائل راقم رحيم,9647713694068,khmrakrah@atu.edu.iq,ذكاء اصطناعي,,
144,ورشة,اخلاقيات مهنة التدقيق والمحاسبة,المحاسبة,اداري,1,مجاني,موظفين+تدريسيين,محمد ديكان عبد الامير,,,تدقيق,2027/02/14,2027/02/14
,,,,,,,,ليث علي حمادي,9647725085691,layth.hammadi@atu.edu.iq,محاسبة مالية,,
,,,,,,,,مرتضى محمد شاني,,,محاسبة مالية,,
145,ورشة,استخدام الذكاء الاصطناعي في المحاسبة المالية والتدقيق,المحاسبة,اداري,1,مجاني,موظفين+تدريسيين,محمد ديكان عبد الامير,,,تدقيق,2027/01/24,2027/01/24
,,,,,,,,ليث علي حمادي,9647725085691,layth.hammadi@atu.edu.iq,محاسبة مالية,,
,,,,,,,,مرتضى محمد شاني,,,محاسبة مالية,,
146,ورشة,مفهوم العدوان في عالم متغير,ادارة القانونية,اداري,1,مجاني,موظفين+تدريسيين,هاني عبد الله عمران,9647802428207,hani.omran@atu.edu.iq,قانون دولي,2026/10/04,2026/10/04
,,,,,,,,قاسم ماضي حمزة,9647601041133,qasim.hamzah@atu.edu.iq,قانون عام,,
147,ورشة,الشراكة بين القطاع العام والقطاع الخاص في ادارة المرافق العامة,ادارة القانونية,اداري,1,مجاني,موظفين+تدريسيين,نغم عبد الحسين خليل,9647826274979,nagham.khalil@atu.edu.iq,قانون,2026/11/08,2026/11/08
,,,,,,,,انعام حسين راضي,9647725964474,inam.obaid.iba@atu.edu.iq,ادارة صناعية,,
148,ورشة,طرق جمع العينات الطبية من مسرح الجريمة,ادلة جنائية,اداري,1,مجاني,موظفين+تدريسيين,عباس رزاق عبد,9647800719405,inb.abs3@atu.edu.iq,ادوية وسموم,2026/11/08,2026/11/08
149,ورشة,الخبرة الفنية ودورها في الاثباتات الجنائية,ادلة جنائية,اداري,1,مجاني,موظفين+تدريسيين,احمد رعد عزيز,9647832432643,ahmed.azeez.iba113@atu.edu.iq,قانون,2026/11/01,2026/11/01
150,ورشة,دراسة مجهرية لاليات موت الخلايا النسيجية عن السموم البكتيرية,تمريض,طبي,1,مجاني,موظفين+تدريسيين,رباب عدنان حمزة,,,تشريح وانسجة,2026/11/15,2026/11/15
,,,,,,,,مريم صادق عيسى,,,احياء مجهرية,,
151,ورشة,دراسة الاثار البيوكيميائية للامراض,تمريض,طبي,1,مجاني,موظفين+تدريسيين,سوسن حسن,,,كيمياء حياتية,2026/12/02,2026/12/02
152,ورشة,التعامل مع أنظمة التشغيل وإدارة الملفات,الصيدلة,طبي,1,مجاني,موظفين+تدريسيين,وفاء محمد,,,هندسي,2026/10/26,2026/10/26
,,,,,,,,هالة حسين,9647800766228,halahussein430@gmail.com,طبي,,
153,ورشة,الامراض المعدية وطرق الوقاية منها,الصيدلة,طبي,1,مجاني,موظفين+تدريسيين,حوراء احمد,,,طبي,2026/10/20,2026/10/20
,,,,,,,,زينب عبودي عباس,9647816833294,zainab.abbas.iba114@atu.edu.iq,علوم,,
154,ورشة,التلوث الفطري للفواكه المجففة والمسكرات,صحة المجتمع,طبي,1,مجاني,موظفين+تدريسيين,ابتسام محمد حسين,9647831691033,inb.ebts@atu.edu.iq,احياء مجهرية,2026/11/10,2026/11/10
,,,,,,,,شيماء عبد الجبار سعيد,9647829304616,shymaa.saeed@atu.edu.iq,مقاومة احيائية,,
155,ورشة,التعامل مع حالات الطوارئ الصحية في الأماكن العامة,صحة المجتمع,طبي,1,مجاني,موظفين+تدريسيين,اسيل حافظ جواد,9647813437240,aseel.abbod.iba@atu.edu.iq,صحة مجتمع,2026/12/15,2026/12/15
,,,,,,,,ايناس عباس,,inas.khairualla@atu.edu.iq,صحة مجتمع,,
,,,,,,,,,,,,,
156,ندوة,دور الاحياء المجهريه في صحه الانسان ومكافحة الأمراض المعدية,قسم تقنيات المختبرات الطبيه,طبي,1,مجاني,موظفين+تدريسيين,مها حميد اسماعيل,,,ماجستير احياء مجهريه,2027/01/25,2027/01/25
157,ندوة,اثر تبني مؤشرات محاسبه الاستدامه في تعزيز الأداء المالي,المحاسبه,اداري,1,مجاني,موظفين+تدريسيين,ليث علي حمادي,9647725085691,layth.hammadi@atu.edu.iq,محاسبه ماليه,2026/10/04,2026/10/04
158,ندوة,ندوه عن مرض انواع التهاب الكبد الفيروسي,قسم تقنيات صحة مجتمع,طبي,1,مجاني,موظفين+تدريسيين,ايناس عباس خيرالله,,inas.khairualla@atu.edu.iq,احياء مجهريه طبيه,2027/01/10,2027/01/10
159,ندوة,التقنيات الحديثه في تشخيص الميكروبات,تقنيات صحة المجتمع,طبي,1,مجاني,موظفين+تدريسيين,شيماء عبد الجبار سعيد,9647829304616,shymaa.saeed@atu.edu.iq,احياءً مجهريه طبيه,2026/10/04,2026/10/04
160,ندوة,"""متبقيات المبيدات في النباتات الطبية وأثرها على فعالية المستخلصات الصيدلانية"".",تقنيات الصيدلة,طبي,1,مجاني,موظفين+تدريسيين,اقبال زهو عبد,9647725247246,iqbal.abed.iba@atu.edu.iq,علوم زراعية,2026/11/01,2026/11/01
161,ندوة,دور البكتريا النافعة في تعزيز الصحة ومكافحة الأمراض,تقنيات المختبرات الطبية,طبي,1,مجاني,موظفين+تدريسيين,ايات رحيم خلف,,,علوم حياة / احياء مجهرية,2027/02/28,2027/02/28
162,ندوة,التكامل بين الذكاء الاصطناعي وإدارة السجلات الطبية الإلكترونية,الاجهزة الطبية,هندسي,1,مجاني,موظفين+تدريسيين,دلائل سعد عبدالزهره,,,رياضيات/ تشفير,2026/10/25,2026/10/25
163,ندوة,التوازن بين المناعة والهرمونات وتأثيره على الخصوبة,صحه مجتمع,طبي,1,مجاني,موظفين+تدريسيين,شهد سعد محمد,9647814640434,shahadmostfa674@gmail.com,مناعه سريريه,2026/11/17,2026/11/17
164,ندوة,التفاعلات المناعية في الدم: رؤية فسيولوجية,تقنيات المختبرات الطبية,طبي,1,مجاني,موظفين+تدريسيين,ود عبدالخالق عبدزيد,9647812044586,wid.abdzaid@atu.edu.iq,فسلجة دم,2026/12/06,2026/12/06
165,ندوة,التغذيه الصحيه والتحصيل الدراسي للطالب,صحه المجتمع,طبي,1,مجاني,موظفين+تدريسيين,اسيل حافظ جواد,9647813437240,aseel.abbod.iba@atu.edu.iq,طبي صحه مجتمع,2026/09/20,2026/09/20
166,ندوة,الفحص الوراثي قبل الزواج للحد من الأمراض باستخدام الذكاء الاصطناعي,تقنيات المختبرات الطبية,هندسي,1,مجاني,موظفين+تدريسيين,سيف عبيد حسين,,,هندسة حاسبات,2026/09/30,2026/09/30
167,ندوة,ندوة الطاقة المتجددة والبيئة,تقنيات ميكانيك القدرة,هندسي,1,مجاني,موظفين+تدريسيين,زينه صلاح حسن,9647803865847,zinah.hasan@atu.edu.iq,ماجستير هندسة القدرة الكهربائية,2026/11/02,2026/11/02
169,ندوة,“تطبيقات النانو تكنولوجي في تطوير أنظمة السيارات: من كفاءة المحرك إلى تقنيات التبريد والطاقة”,تقنيات ميكانيك القدرة,هندسي,1,مجاني,موظفين+تدريسيين,اسراء عدنان نجم,,,هندسة مواد /مواد سيراميكية,2026/10/01,2026/10/01
170,ندوة,تطور صناعة السيارات من محركات الاحتراق الداخلي إلى السيارات الكهربائية,تقنيات ميكانيك القدرة,هندسي,1,مجاني,موظفين+تدريسيين,ليث سليم كمال,,,هندسة ميكانيك/اتمته ميكانيكية,2026/11/18,2026/11/18
171,ندوة,بكتيريا Helicobacter pylori وتأثيرها الحيوي على صحة الجهاز الهضمي واستراتيجيات التشخيص والعلاجات الحديثة لمواجهة المقاومة الدوائية,تقنيات المختبرات الطبية,طبي,1,مجاني,موظفين+تدريسيين,ساره عبد الكريم مخيف,9647804734690,sarah.mukheef@atu.edu.iq,دكتوراه احياء مجهرية,2026/10/13,2026/10/13
172,ندوة,انواع المواد المعقمة المستخدمة للقضاء على البكتريا والفطريات الممرضة للانسان والنبات,تقنيات صحة المجتمع,طبي,1,مجاني,موظفين+تدريسيين,ابتسام محمد حسين,9647831691033,inb.ebts@atu.edu.iq,مقاومة احيائية,2027/05/03,2027/05/03
,,,,,,,,شيماء عبد الجبار سعيد,9647829304616,shymaa.saeed@atu.edu.iq,احياء مجهرية طبية,,
173,ندوة,ندوة عن الاستدامة ودورها في تطوير المواد والتقنيات الحديثة,تقنيات ميكانيك القدرة,هندسي,1,مجاني,موظفين+تدريسيين,زهراء كاظم روضان,,,فيزياء مواد,2026/11/17,2026/11/17
174,ندوة,اهم الاعطال في منظومات التبريد,ميكانيك القدرة,هندسي,1,مجاني,موظفين+تدريسيين,علي عاصم عبد الرزاق,9647721903176,ali.net2009@atu.edu.iq,تبريد وتكييف,2027/05/18,2027/05/18
175,ندوة,استخدام التقنيات الحديثة في تشخيص الميكروبات,تقنيات صحة المجتمع,طبي,1,مجاني,موظفين+تدريسيين,ابتسام محمد حسين,9647831691033,inb.ebts@atu.edu.iq,مقاومه إحيائية,2026/10/04,2026/10/04
,,,,,,,,شيماء عبد الجبار,9647829304616,shymaa.saeed@atu.edu.iq,احياءً مجهريه طبية,,
176,ندوة,الاجزاء الميكانيكية التصميميه التي تدخل في عملية الاشعال في محركات الاحتراق الداخلي,تقنيات ميكانيك القدره,هندسي,1,مجاني,موظفين+تدريسيين,علي جاسم عطيه لفته,9647804643608,ali.atiyah.iba115@atu.edu.iq,ماجستير هندسه ميكانيك تصميم تطبيقي,2026/11/01,2026/11/01
177,ندوة,اخلاقيات البحث العلمي,تقنيات الميكانيك,هندسي,1,مجاني,موظفين+تدريسيين,نوال عبدالله عمران,9647702684846,nawal_omran@atu.edu.iq,هندسة انتاج و مكائن والالات زراعية,2026/10/13,2026/10/13
,,,,,,,,نجلاء شاكر عزيز,9647723128916,najlaa.shemery@atu.edu.iq,,,
178,ندوة,الرقابة على الجودة,التقنيات الميكانيكية,هندسي,1,مجاني,موظفين+تدريسيين,زهير حسن عبدالله,,,هندسة صناعية,2026/09/23,2026/09/23
179,ندوة,قانون انضباط الموضفين و تطبيقاته في التعليم العالي,الاجهزة الطبية,هندسي,1,مجاني,موظفين+تدريسيين,زيد خضر جاسم,9647730551186,zaid.bermany@atu.edu.iq,القانون,2026/09/10,2026/09/10
180,ندوة,نظرية الفوضى في الدوائر الالكترونية,ميكانيك القدرة,هندسي,1,مجاني,موظفين+تدريسيين,احمد محمدعلي علي,,,دكتوراه هندسة كهربائية والكترونية,2027/03/06,2027/03/06
181,ندوة,الاسس الفسيولوجية للالم,تقنيات صحة المجتمع,طبي,1,مجاني,موظفين+تدريسيين,سالينا عبد العباس ناصر,9647819165118,dr.salina8@gmail.com,ماجستير فسلجة طبية /مناعة,2026/12/13,2026/12/13
,,,,,,,,شهد سعد محمد,9647814640434,shahadmostfa674@gmail.com,,,
182,ندوة,الطاقة المتجددة، مصادرها، واستخداماتها وفوائدها في الحاضر والمستقبل,قسم تقنيات الاجهزة الطبية,هندسي,1,مجاني,موظفين+تدريسيين,باسم جبار مجيد,9647822285663,basim.majeed@atu.edu.iq,هندسة الطاقة المتجددة,2026/11/01,2026/11/01
183,ندوة,تلوث المياة بالمعادن الثقيله وتأثيرها على صحة الدماغ,المختبرات الطبيه,طبي,1,مجاني,موظفين+تدريسيين,رؤى وهاب محمد,9647601017371,roaa.mohammed@atu.edu.iq,كيمياء عضويه,2026/10/06,2026/10/06
184,ندوة,السخانات الشمسية المنزلية,الالكترونيك,هندسي,1,مجاني,موظفين+تدريسيين,سعد صلاح حميد,,,الكترونيك/اتصالات,2027/02/15,2027/02/15
185,ندوة,أسس حساب القدرة اللازمة لتصميم الانظمة الشمسية,ميكانيك القدرة,هندسي,1,مجاني,موظفين+تدريسيين,حميده مسلم عبدالحسين,9647708015920,hameedahmuslim@gmail.com,هندسة تقنيات حراريات,2027/03/08,2027/03/08
186,ندوة,استخدام برامج المحاكاة الالكترونية واهميتها في سوق العمل,تقنيات الأجهزة الطبية,هندسي,1,مجاني,موظفين+تدريسيين,عمار علي عباس,,,ماجستير هندسة كهربائية,2027/02/15,2027/02/15
187,ندوة,الابتكار الاداري كمدخل لتحقيق الميزة التنافسية,قسم ادارة المواد,اداري,1,مجاني,موظفين+تدريسيين,ليلى منصور,9647806348343,layla.mazhar.bib10@atu.edu.iq,ريادة الاعمال / إدارة الاعمال,2026/10/04,2026/10/04
,,,,,,,,حوان فاضل,,,,,
